origem,destino,voos,weight
SBSP,SBRJ,3008,363.03
SBRJ,SBSP,3000,362.07
SBSP,SBBR,1608,194.07
SBBR,SBSP,1602,193.34
SBCF,SBSP,1509,182.12
SBSP,SBCF,1507,181.88
SBSP,SBCT,1223,147.60
SBCT,SBSP,1216,146.76
SBSP,SBFL,915,110.43
SBFL,SBSP,907,109.47
SBGR,SBRF,844,101.86
SBRF,SBGR,842,101.62
SBSP,SBSV,825,99.57
SBSV,SBSP,820,98.97
SBGL,SBGR,790,95.34
SBGR,SBGL,788,95.10
SBGR,SBCF,779,94.02
SBCF,SBGR,778,93.90
SBCT,SBGR,696,84.00
SBGR,SBCT,696,84.00
SBCY,SBGR,625,75.43
SBGR,SBCY,625,75.43
SBKP,SBCF,610,73.62
SBCF,SBKP,596,71.93
SBGR,SBBR,573,69.16
SBBR,SBGR,572,69.03
SBSP,SBRF,570,68.79
SBRF,SBSP,567,68.43
SBSP,SBGO,567,68.43
SBGO,SBSP,566,68.31
SBGR,SBFL,562,67.83
SBFL,SBGR,555,66.98
SBGR,SBFZ,547,66.02
SBRJ,SBBR,545,65.78
SBFZ,SBGR,544,65.66
SBBR,SBRJ,543,65.53
SBNF,SBSP,541,65.29
SBSP,SBNF,540,65.17
SBGR,SBSV,509,61.43
SBSV,SBGR,505,60.95
SBRJ,SBKP,481,58.05
SBGL,SBRF,480,57.93
SBKP,SBRJ,478,57.69
SBRF,SBGL,477,57.57
SBCF,SBBR,472,56.97
SBBR,SBCF,470,56.72
SBCF,SBGL,464,56.00
SBGR,SBBE,463,55.88
SBGL,SBCF,461,55.64
SBBE,SBGR,459,55.40
SBKP,SBCT,456,55.03
SBCT,SBKP,448,54.07
SBSP,SBVT,441,53.22
SBVT,SBSP,440,53.10
SBGR,SBGO,434,52.38
SBGO,SBGR,433,52.26
SBKP,SBBR,419,50.57
SBBR,SBKP,419,50.57
SBGR,SBFI,401,48.40
SBGR,SBMO,399,48.16
SBMO,SBGR,397,47.91
SBFI,SBGR,397,47.91
SBGL,SBSV,397,47.91
SBSV,SBGL,387,46.71
SBNF,SBGR,377,45.50
SBGR,SBNF,374,45.14
SBGR,SBVT,370,44.66
SBSV,SBRF,370,44.66
SBRF,SBSV,368,44.41
SBVT,SBGR,368,44.41
SBKP,SBGL,361,43.57
SBGL,SBKP,360,43.45
SBRF,SBKP,352,42.48
SBKP,SBRF,351,42.36
SBGR,SBSG,347,41.88
SBRF,SBBR,346,41.76
SBSG,SBGR,345,41.64
SBBR,SBRF,345,41.64
SBRJ,SBGR,345,41.64
SBGR,SBRJ,344,41.52
SBRF,SBSG,341,41.16
SBSG,SBRF,338,40.79
SBKP,SBFL,337,40.67
SBGL,SBVT,333,40.19
SBVT,SBGL,332,40.07
SBCF,SBSV,329,39.71
SBSV,SBCF,327,39.47
SBFL,SBKP,326,39.34
SBRF,SBFZ,325,39.22
SBFZ,SBRF,324,39.10
SBEG,SBGR,323,38.98
SBGR,SBEG,322,38.86
SBRF,SBFN,321,38.74
SBFN,SBRF,319,38.50
SBJR,SBSP,318,38.38
SBSP,SBJR,317,38.26
SBCT,SBGL,313,37.78
SBGL,SBCT,313,37.78
SBBR,SBSV,304,36.69
SBGR,SBCG,304,36.69
SBCG,SBGR,303,36.57
SBGR,SBAR,301,36.33
SBSV,SBBR,301,36.33
SBAR,SBGR,301,36.33
SBSV,SBKP,286,34.52
SBKP,SBSV,284,34.28
SBCF,SBRJ,283,34.16
SBFZ,SBBR,280,33.79
SBBR,SBFZ,279,33.67
SBGR,SBJP,279,33.67
SBJP,SBGR,278,33.55
SBFZ,SBGL,278,33.55
SBCF,SBRF,277,33.43
SBRJ,SBCF,276,33.31
SBCF,SBVT,274,33.07
SBFZ,SBSP,273,32.95
SBRF,SBCF,273,32.95
SBVT,SBCF,272,32.83
SBSP,SBFZ,272,32.83
SBPS,SBGR,272,32.83
SBRF,SBMO,272,32.83
SBGR,SBPS,271,32.71
SBGL,SBFZ,271,32.71
SBMO,SBRF,269,32.47
SBKP,SBSR,259,31.26
SBUL,SBCF,257,31.02
SBCY,SBKP,256,30.90
SBSR,SBKP,256,30.90
SBKP,SBCY,255,30.78
SBBR,SBBE,254,30.66
SBKP,SBRP,254,30.66
SBBE,SBBR,253,30.53
SBRP,SBKP,248,29.93
SBKP,SBNF,246,29.69
SBNF,SBKP,246,29.69
SBCF,SBMK,240,28.97
SBMK,SBCF,239,28.84
SBKP,SBGO,236,28.48
SBGO,SBKP,235,28.36
SBCF,SBUL,232,28.00
SBRP,SBSP,232,28.00
SBSP,SBRP,231,27.88
SBSL,SBGR,231,27.88
SBGR,SBSL,230,27.76
SBGR,SBLO,229,27.64
SBLO,SBGR,229,27.64
SBBE,SBMQ,225,27.16
SBGR,SBMG,224,27.03
SBMQ,SBBE,224,27.03
SBMG,SBGR,223,26.91
SBEG,SBBR,222,26.79
SBBR,SBEG,222,26.79
SBCF,SBPS,211,25.47
SBPS,SBCF,211,25.47
SBKP,SBVT,208,25.10
SBVT,SBKP,206,24.86
SBKP,SBLO,205,24.74
SBCG,SBKP,205,24.74
SBUL,SBGR,204,24.62
SBGR,SBUL,204,24.62
SBLO,SBKP,204,24.62
SBKP,SBCG,203,24.50
SBBR,SBCY,203,24.50
SBCY,SBBR,201,24.26
SBCT,SBBR,199,24.02
SBBR,SBCT,199,24.02
SBSV,SBFZ,195,23.53
SBRF,SBAR,191,23.05
SBAR,SBRF,190,22.93
SBCF,SBGO,190,22.93
SBSP,SBPS,190,22.93
SBGO,SBCF,189,22.81
SBPS,SBSP,189,22.81
SBKP,SBUL,185,22.33
SBFZ,SBSV,185,22.33
SBUL,SBKP,184,22.21
SBCT,SBFI,181,21.84
SBFI,SBCT,181,21.84
SBBR,SBGL,180,21.72
SBFL,SBGL,180,21.72
SBGL,SBFL,178,21.48
SBKP,SBEG,177,21.36
SBKP,SBBE,177,21.36
SBGL,SBBR,176,21.24
SBBE,SBKP,175,21.12
SBIP,SBCF,175,21.12
SBCF,SBIP,174,21.00
SBSP,SBGL,174,21.00
SBEG,SBKP,174,21.00
SBRP,SBGR,172,20.76
SBGL,SBSP,171,20.64
SBKP,SBDN,168,20.28
SBTE,SBBR,167,20.16
SBGR,SBRP,167,20.16
SBBR,SBTE,167,20.16
SBRB,SBBR,167,20.16
SBBR,SBRB,167,20.16
SBJV,SBSP,165,19.91
SBSP,SBJV,164,19.79
SBSP,SBSR,164,19.79
SBBE,SBFZ,164,19.79
SBFZ,SBBE,164,19.79
SBSR,SBSP,164,19.79
SBVC,SBGR,164,19.79
SBSP,SBDN,163,19.67
SBDN,SBSP,163,19.67
SBDN,SBKP,163,19.67
SBJV,SBKP,161,19.43
SBKP,SBJV,161,19.43
SBGR,SBVC,160,19.31
SBGR,SBPL,157,18.95
SBPL,SBGR,156,18.83
SBTE,SBGR,156,18.83
SBGR,SBTE,156,18.83
SBBE,SBSN,154,18.59
SBSN,SBBE,153,18.47
SBAE,SBKP,149,17.98
SBKP,SBAE,148,17.86
SBSP,SBUL,147,17.74
SBFI,SBGL,147,17.74
SBUL,SBSP,147,17.74
SBLO,SBSP,146,17.62
SBGL,SBFI,146,17.62
SBGR,SBSI,146,17.62
SBSI,SBGR,145,17.50
SBSP,SBLO,145,17.50
SBGR,SBSR,144,17.38
SBRF,SBKG,144,17.38
SBKP,SBMG,143,17.26
SBMG,SBKP,141,17.02
SBBR,SBSG,140,16.90
SBSG,SBBR,140,16.90
SBKG,SBRF,140,16.90
SBBR,SBBV,139,16.78
SBSR,SBGR,139,16.78
SBBV,SBBR,139,16.78
SBBR,SBPJ,137,16.53
SBPJ,SBBR,137,16.53
SBCA,SBGR,134,16.17
SBGR,SBCA,134,16.17
SBEG,SBBE,133,16.05
SBBR,SBGO,133,16.05
SBGO,SBBR,132,15.93
SBCH,SBGR,132,15.93
SBCF,SBBE,132,15.93
SBBE,SBEG,132,15.93
SBGR,SBCH,131,15.81
SBBR,SBSL,130,15.69
SBIL,SBGR,129,15.57
SBPL,SBRF,129,15.57
SBBE,SBCF,129,15.57
SBGR,SBIL,129,15.57
SBKP,SBCH,128,15.45
SBSL,SBBR,128,15.45
SBCH,SBKP,128,15.45
SBJP,SBBR,128,15.45
SBGO,SBRF,127,15.33
SBBE,SBRF,127,15.33
SBBR,SBJP,127,15.33
SBRF,SBBE,127,15.33
SBRF,SBGO,126,15.21
SBBR,SBMO,124,14.97
SBMO,SBBR,123,14.84
SBJP,SBRF,122,14.72
SBRF,SBJP,122,14.72
SBRF,SBPL,122,14.72
SBGV,SBCF,120,14.48
SBCF,SBGV,120,14.48
SBCG,SBSP,117,14.12
SBGR,SBPJ,116,14.00
SBIZ,SBGR,116,14.00
SBFI,SBSP,116,14.00
SBSP,SBFI,116,14.00
SBSP,SBCY,116,14.00
SBSP,SBCG,116,14.00
SBPJ,SBGR,116,14.00
SBBR,SBCG,116,14.00
SBGR,SBIZ,116,14.00
SBCG,SBBR,115,13.88
SBCY,SBSP,115,13.88
SBJV,SBGR,115,13.88
SBGR,SBJV,115,13.88
SBFI,SBKP,113,13.64
SBKP,SBFI,112,13.52
SBZM,SBGR,112,13.52
SBPV,SBBR,112,13.52
SBRF,SBTE,112,13.52
SBBR,SBPV,112,13.52
SBMA,SBBE,112,13.52
SBJU,SBGR,111,13.40
SBGR,SBJU,111,13.40
SBBE,SBMA,111,13.40
SBTE,SBRF,111,13.40
SBBE,SBSL,110,13.28
SBGR,SBZM,110,13.28
SBCY,SBGO,109,13.16
SBGL,SBMO,109,13.16
SBMO,SBGL,109,13.16
SBGO,SBCY,108,13.03
SBSG,SBGL,108,13.03
SBVT,SBBR,108,13.03
SBBR,SBVT,108,13.03
SBKP,SBCA,107,12.91
SBGL,SBSG,107,12.91
SBCA,SBKP,107,12.91
SBCT,SBMG,103,12.43
SBHT,SBBE,103,12.43
SBBE,SBHT,103,12.43
SBMG,SBSP,103,12.43
SBSP,SBMG,103,12.43
SBKP,SBAU,101,12.19
SBPF,SBGR,100,12.07
SBAU,SBKP,100,12.07
SBCX,SBSP,100,12.07
SBMG,SBCT,99,11.95
SBGR,SBPF,99,11.95
SBMO,SBCF,98,11.83
SBSP,SBCX,98,11.83
SBCF,SBMO,98,11.83
SBJP,SBGL,98,11.83
SBGL,SBJP,98,11.83
SBCF,SBCY,97,11.71
SBRF,SBSL,97,11.71
SBSL,SBRF,96,11.59
SBCY,SBCF,96,11.59
SBLO,SBCT,94,11.34
SBGR,SBCX,94,11.34
SBKP,SBML,94,11.34
SBML,SBKP,94,11.34
SBCT,SBCF,93,11.22
SBCT,SBLO,93,11.22
SBKG,SBSV,92,11.10
SBCF,SBCT,92,11.10
SBSV,SBKG,91,10.98
SBKP,SBFZ,91,10.98
SBJU,SBFZ,91,10.98
SBGR,SBMK,91,10.98
SBMK,SBGR,91,10.98
SBFZ,SBJU,91,10.98
SBFZ,SBKP,91,10.98
SBMO,SBSP,90,10.86
SBSN,SBEG,90,10.86
SBIL,SBSP,90,10.86
SBSP,SBIL,90,10.86
SBSP,SBMO,90,10.86
SBCF,SNBR,88,10.62
SBCX,SBGR,88,10.62
SBEG,SBSN,88,10.62
SNBR,SBCF,88,10.62
SBJE,SBGR,83,10.02
SBUR,SBCF,83,10.02
SBGR,SBJE,83,10.02
SBMA,SBBR,83,10.02
SBBR,SBMA,82,9.90
SBEG,SWPI,81,9.78
SBCY,SBCT,79,9.53
SBCT,SBCY,79,9.53
SWPI,SBEG,79,9.53
SBRF,SBJU,78,9.41
SBJU,SBRF,78,9.41
SBSP,SBZM,76,9.17
SBZM,SBSP,75,9.05
SBCO,SBGR,75,9.05
SBGR,SBJA,75,9.05
SBGR,SBCO,75,9.05
SBKP,SBMO,74,8.93
SBJA,SBGR,74,8.93
SBMO,SBKP,73,8.81
SBCF,SBCJ,72,8.69
SBKG,SBFZ,72,8.69
SBCJ,SBCF,72,8.69
SBTT,SBEG,72,8.69
SBSG,SBKP,70,8.45
SBFZ,SBKG,70,8.45
SBZM,SBKP,69,8.33
SBKP,SBZM,69,8.33
SBEG,SBFZ,68,8.21
SBKP,SBPS,68,8.21
SBKP,SBSG,68,8.21
SBPS,SBKP,68,8.21
SBFZ,SBEG,67,8.09
SBSG,SBCF,67,8.09
SBCF,SBSG,67,8.09
SBIL,SBCF,67,8.09
SBSP,SBSG,67,8.09
SBSG,SBSP,66,7.97
SBFZ,SBSG,65,7.84
SBCF,SBIL,65,7.84
SBBE,SBCJ,64,7.72
SBCJ,SBBE,64,7.72
SBFL,SBCF,64,7.72
SBSG,SBFZ,64,7.72
SBSL,SBTE,63,7.60
SBCF,SBFL,62,7.48
SBFZ,SBCF,61,7.36
SWKO,SBEG,61,7.36
SBNF,SBGL,60,7.24
SBCF,SBFZ,60,7.24
SWLC,SBKP,60,7.24
SBKP,SWLC,60,7.24
SBCO,SBKP,59,7.12
SBGL,SBNF,59,7.12
SBKP,SBCO,59,7.12
SBPS,SBGL,59,7.12
SBMO,SBSV,59,7.12
SBSL,SBIZ,59,7.12
SBFZ,SBSL,59,7.12
SBBR,SBSN,58,7.00
SBPF,SBKP,58,7.00
SBGR,SBDN,58,7.00
SBEG,SBRF,58,7.00
SBBR,SBMQ,58,7.00
SBBR,SBPS,58,7.00
SBTE,SBFZ,58,7.00
SBBR,SBFL,58,7.00
SBBR,SBAR,58,7.00
SBDN,SBGR,58,7.00
SBRF,SBEG,58,7.00
SBPJ,SBGO,58,7.00
SBSN,SBBR,58,7.00
SBFL,SBBR,58,7.00
SBIL,SBKP,58,7.00
SBGL,SBPS,58,7.00
SBIZ,SBSL,58,7.00
SBFZ,SBTE,58,7.00
SBGO,SBPJ,58,7.00
SBSL,SBFZ,58,7.00
SBPS,SBBR,58,7.00
SBKP,SBIL,57,6.88
SBSP,SBIP,57,6.88
SBSV,SBMO,57,6.88
SBVT,SBRF,57,6.88
SBMQ,SBBR,57,6.88
SBRF,SBVT,57,6.88
SBBV,SBBE,57,6.88
SBSI,SBCY,57,6.88
SBCY,SBSI,57,6.88
SBKP,SBPF,57,6.88
SBIP,SBSP,57,6.88
SBBE,SBBV,56,6.76
SBPV,SBCF,56,6.76
SBAR,SBBR,56,6.76
SBCF,SBPV,56,6.76
SBCF,SBCB,56,6.76
SBEG,SBBV,56,6.76
SBCB,SBCF,56,6.76
SBTE,SBBE,55,6.64
SBCT,SBCG,55,6.64
SBCY,SBCG,55,6.64
SBEG,SBTT,55,6.64
SBSL,SBBE,55,6.64
SBCT,SBFL,55,6.64
SBFL,SBFI,54,6.52
SWLC,SBGR,54,6.52
SNTO,SBCF,54,6.52
SBFI,SBFL,54,6.52
SBCF,SNGI,54,6.52
SBGR,SWLC,54,6.52
SBRF,SBMS,54,6.52
SBBV,SBEG,54,6.52
SBCF,SBKG,54,6.52
SBCF,SNTO,54,6.52
SBEG,SBGL,53,6.40
SBMS,SBRF,53,6.40
SBCG,SBCY,53,6.40
SBJU,SBKP,53,6.40
SBSL,SBCF,53,6.40
SNGI,SBCF,53,6.40
SNLN,SBCF,53,6.40
SBFL,SBCT,53,6.40
SBKG,SBCF,53,6.40
SBCF,SNLN,53,6.40
SBKP,SBAR,52,6.28
SBGL,SBEG,52,6.28
SBVC,SBSV,52,6.28
SBCX,SBKP,52,6.28
SBCF,SBSL,52,6.28
SBCP,SBKP,52,6.28
SBKP,SBCX,52,6.28
SBCG,SBCT,52,6.28
SBKP,SBCP,52,6.28
SBCF,SBUR,51,6.16
SBKP,SBPL,51,6.16
SBAR,SBKP,51,6.16
SBSV,SBVC,51,6.16
SNTS,SBRF,50,6.03
SBRP,SBRJ,50,6.03
SBRF,SNTS,50,6.03
SBRJ,SBRP,50,6.03
SBMK,SBSP,50,6.03
SBCF,SBVC,49,5.91
SBGL,SBAR,49,5.91
SBKP,SBSI,49,5.91
SBAR,SBGL,49,5.91
SBSI,SBKP,49,5.91
SBSP,SBMK,49,5.91
SBCF,SBMA,48,5.79
SBCY,SBSO,47,5.67
SBMA,SBCF,47,5.67
SBSV,SBJP,46,5.55
SBVC,SBCF,46,5.55
SBCH,SBFL,46,5.55
SBCF,SBVG,46,5.55
SBFL,SBCH,46,5.55
SBEG,SBTF,46,5.55
SBTF,SBEG,46,5.55
SBKP,SBSL,46,5.55
SBVG,SBCF,45,5.43
SBCH,SBSP,45,5.43
SBSP,SBCH,45,5.43
SBCA,SBCT,45,5.43
SBSL,SBKP,45,5.43
SBJP,SBSV,45,5.43
SBCT,SBCA,45,5.43
SBIZ,SBBR,44,5.31
SBKP,SBJA,44,5.31
SBBR,SBIZ,44,5.31
SBTG,SBKP,44,5.31
SBKP,SBTG,44,5.31
SBJA,SBKP,44,5.31
SBZM,SBCF,44,5.31
SBCF,SBZM,44,5.31
SBSG,SBSV,43,5.19
SBSL,SBSV,43,5.19
SBSV,SBSL,43,5.19
SBKP,SBTE,43,5.19
SBKP,SBJP,43,5.19
SBSV,SBSG,43,5.19
SBTE,SBKP,42,5.07
SBJP,SBKP,42,5.07
SBKP,SBJR,42,5.07
SBEG,SWKO,42,5.07
SBKP,SBPJ,41,4.95
SBPJ,SBKP,40,4.83
SBJR,SBKP,40,4.83
SBAT,SBCY,40,4.83
SBCF,SBAR,40,4.83
SBCY,SBAT,40,4.83
SBAR,SBCF,39,4.71
SBJP,SBCF,39,4.71
SBRF,SNRU,39,4.71
SBGL,SBKG,38,4.59
SBSV,SNCL,38,4.59
SBCF,SBJP,38,4.59
SNCL,SBSV,38,4.59
SBKG,SBGL,38,4.59
SBSO,SBCY,38,4.59
SNRU,SBRF,38,4.59
SBKP,SBRD,37,4.47
SBRD,SBKP,37,4.47
SBJE,SBPB,37,4.47
SBVT,SBSV,36,4.34
SBBW,SBCY,36,4.34
SBBE,SBGL,35,4.22
SBCY,SSOU,35,4.22
SBCF,SBIZ,35,4.22
SBGL,SBBE,35,4.22
SBBR,SBJU,35,4.22
SBCY,SBBW,35,4.22
SBSV,SBVT,35,4.22
SBGO,SBSV,34,4.10
SBSV,SBGO,34,4.10
SBIZ,SBCF,34,4.10
SBPP,SBKP,33,3.98
SBFN,SBSG,33,3.98
SBKP,SBPP,33,3.98
SBDB,SBKP,33,3.98
SBJU,SBBR,33,3.98
SBPJ,SBCF,33,3.98
SBSV,SBPS,32,3.86
SBAX,SBUR,32,3.86
SBCR,SBDB,32,3.86
SDIY,SBRF,32,3.86
SBCF,SBPJ,32,3.86
SBMY,SBEG,32,3.86
SBKP,SNCP,32,3.86
SBKP,SBCR,32,3.86
SBCF,SBAX,32,3.86
SBSG,SBFN,32,3.86
SNCP,SBKP,32,3.86
SBRF,SDIY,32,3.86
SBRB,SBCZ,31,3.74
SBCZ,SBRB,31,3.74
SBPS,SBSV,31,3.74
SBPG,SBKP,30,3.62
SBRF,SNHS,30,3.62
SBEG,SBIH,30,3.62
SBKP,SBPG,30,3.62
SNHS,SBRF,30,3.62
SBCF,SNJM,30,3.62
SNJM,SBCF,30,3.62
SBIH,SBEG,30,3.62
SBMS,SBSG,29,3.50
SBKP,SSGG,29,3.50
SSGG,SBKP,29,3.50
SBFZ,SBMS,29,3.50
SBCF,SBTE,29,3.50
SBSG,SBMS,29,3.50
SBMS,SBFZ,29,3.50
SBTE,SBCF,29,3.50
SBKP,SBJU,28,3.38
SBBE,SBMD,28,3.38
SBGR,SBPK,27,3.26
SBPK,SBGR,27,3.26
SBFZ,SBFN,27,3.26
SBPL,SBKP,26,3.14
SBBE,SNVS,26,3.14
SBPL,SBJU,25,3.02
SBEG,SBRB,25,3.02
SBSI,SBBR,25,3.02
SBRB,SBEG,25,3.02
SBSJ,SBGL,25,3.02
SBFZ,SBJE,25,3.02
SBGL,SBSJ,25,3.02
SBSP,SBAU,24,2.90
SBCF,SNPD,24,2.90
SNPD,SBUL,24,2.90
SBFN,SBFZ,24,2.90
SBBR,SBSI,24,2.90
SBCO,SBSP,24,2.90
SBRF,SJZA,24,2.90
SJZA,SBRF,24,2.90
SBCF,SNSS,24,2.90
SBAU,SBSP,24,2.90
SBCF,SNZR,24,2.90
SNZR,SBCF,24,2.90
SBPV,SBGR,23,2.78
SBSP,SBUR,23,2.78
SBRF,SNAB,23,2.78
SBSP,SBCO,23,2.78
SBCA,SBSP,23,2.78
SBUR,SBSP,23,2.78
SNSS,SBCF,23,2.78
SBGR,SBPV,23,2.78
SBSL,SSRS,22,2.66
SNVS,SBBE,22,2.66
SBEG,SWLB,22,2.66
SBNM,SBGR,22,2.66
SBBE,SNEB,22,2.66
SBSP,SBCA,22,2.66
SBRF,SBUF,22,2.66
SBGR,SBNM,22,2.66
SBPB,SBJE,22,2.66
SBUF,SBRF,22,2.66
SNGN,SBRF,21,2.53
SSRS,SBPB,21,2.53
SBRF,SNGN,21,2.53
SBJE,SBFZ,21,2.53
SNEB,SBBE,21,2.53
SSOU,SBCY,21,2.53
SBBE,SNSM,20,2.41
SBEG,SBMY,20,2.41
SWLB,SWKO,20,2.41
SNSM,SBBE,20,2.41
SBPO,SBCT,20,2.41
SBTU,SBBE,20,2.41
SBCT,SBPO,20,2.41
SNMZ,SBBE,20,2.41
SBGL,SBSL,19,2.29
SBSV,SBIL,19,2.29
SBPB,SSRS,19,2.29
SBIL,SBSV,19,2.29
SBBE,SBTU,19,2.29
SBRF,SBRP,18,2.17
SBUL,SBMO,18,2.17
SBCY,SBJI,18,2.17
SBRF,SBSR,18,2.17
SSRS,SBSL,18,2.17
SBSR,SBRF,18,2.17
SNAB,SBRF,18,2.17
SBSP,SBCN,18,2.17
SBCN,SBSP,18,2.17
SBKP,SBPK,18,2.17
SBRP,SBRF,18,2.17
SBMO,SBRP,18,2.17
SBSL,SBGL,18,2.17
SBMO,SBSR,18,2.17
SBCT,SSUM,18,2.17
SBMO,SBGO,18,2.17
SBPK,SBKP,18,2.17
SSUM,SBCT,18,2.17
SBJI,SBCY,18,2.17
SBRP,SBMO,18,2.17
SBSR,SBMO,18,2.17
SBKP,SBSM,17,2.05
SBSM,SBKP,17,2.05
SBDB,SBSP,17,2.05
SBCF,SBJE,17,2.05
SBVH,SBCY,17,2.05
SWEI,SBTT,17,2.05
SBEG,SWEI,17,2.05
SBEG,SWMW,17,2.05
SBGR,SBAX,17,2.05
SBCY,SBVH,17,2.05
SBGO,SBMO,17,2.05
SBKP,SBNM,17,2.05
SBPS,SBMK,17,2.05
SBSP,SBDB,17,2.05
SBAX,SBGR,17,2.05
SBMK,SBPS,17,2.05
SWMW,SBEG,17,2.05
SBMO,SBUL,17,2.05
SBPB,SBCF,16,1.93
SBLE,SBCF,16,1.93
SBCN,SBCF,16,1.93
SBNM,SBKP,16,1.93
SBUA,SBEG,16,1.93
SSKW,SBCY,16,1.93
SBCF,SBLE,16,1.93
SBCF,SBCN,16,1.93
SBEG,SBUA,16,1.93
SBCY,SSKW,16,1.93
SBMD,SBBE,14,1.69
SBMD,SNYA,14,1.69
SBRF,SWKQ,14,1.69
SWKQ,SBPL,14,1.69
SWTP,SWKO,13,1.57
SWKO,SWTP,13,1.57
SWYN,SBMY,13,1.57
SBEG,SWYN,13,1.57
SBAC,SBFZ,13,1.57
SBFZ,SBAC,13,1.57
SWBE,SBFZ,13,1.57
SBFZ,SNIG,12,1.45
SSUV,SBCT,12,1.45
SBCT,SSVL,12,1.45
SSOU,SWJN,12,1.45
SSVL,SBCT,12,1.45
SWJN,SBCY,11,1.33
SNWS,SBFZ,11,1.33
SBCT,SSUV,11,1.33
SBFL,SBPK,10,1.21
SBFL,SBSM,10,1.21
SBFZ,SN6L,10,1.21
SWBC,SBEG,10,1.21
SBSP,SBJP,10,1.21
SNYA,SNMZ,10,1.21
SBPK,SBFL,10,1.21
SBCT,SBUG,10,1.21
SBSM,SBFL,10,1.21
SBEG,SWBC,10,1.21
SBPS,SBUL,10,1.21
SBUG,SBCT,10,1.21
SBUL,SBPS,10,1.21
SBRP,SBPS,9,1.09
SBSP,SBAR,9,1.09
SBTC,SBCF,9,1.09
SBSR,SBPS,9,1.09
SBSP,SBTC,9,1.09
SBRF,SBUL,9,1.09
SBSR,SBSG,9,1.09
SBJP,SBUL,9,1.09
SBPS,SBDN,9,1.09
SSGY,SBCT,9,1.09
SBEG,SBTB,9,1.09
SBSG,SBBE,9,1.09
SBTB,SBSN,9,1.09
SBDN,SBSG,9,1.09
SBTC,SBSP,9,1.09
SBCY,SBMO,9,1.09
SBVT,SBPS,9,1.09
SBBE,SBSG,9,1.09
SBUL,SBSG,9,1.09
SBCJ,SDOW,9,1.09
SBUL,SBJP,9,1.09
SBUL,SBRF,9,1.09
SDOW,SBCJ,9,1.09
SBUL,SBFZ,9,1.09
SBGL,SBCX,9,1.09
SBCF,SBTC,9,1.09
SBSG,SBUL,9,1.09
SBEG,SWBR,9,1.09
SBJI,SBPV,9,1.09
SBTB,SNOX,9,1.09
SBFZ,SBUL,9,1.09
SBRP,SBSG,9,1.09
SNOX,SNMA,9,1.09
SWBR,SBEG,9,1.09
SBDN,SBPS,9,1.09
SBCX,SBGL,9,1.09
SBPS,SBAE,9,1.09
SBCT,SSGY,9,1.09
SBSN,SBIH,9,1.09
SBPS,SBSR,9,1.09
SBPS,SBVT,9,1.09
SBAR,SBSP,9,1.09
SBSG,SBDN,9,1.09
SBPV,SBJI,9,1.09
SBSG,SBRP,9,1.09
SBPS,SBGO,9,1.09
SNMA,SBSN,9,1.09
SBGO,SBPS,9,1.09
SBMO,SBJP,9,1.09
SN6L,SWBE,9,1.09
SNIG,SNWS,9,1.09
SBMO,SBKG,9,1.09
SBPS,SBRP,9,1.09
SBKP,SBBV,8,0.97
SBFI,SBCF,8,0.97
SBAE,SBPS,8,0.97
SBTE,SBSL,8,0.97
SBBV,SBKP,8,0.97
SBCF,SBFI,8,0.97
SBSG,SBSR,8,0.97
SBMO,SBCY,8,0.97
SBJP,SBSP,8,0.97
